Year,FIPS,State,Life Expectancy,95% CI - Low,95% CI - High,Median Household Income,% Low Birthweight,% Frequent Mental Distress,% Adults with Diabetes,HIV Prevalence Rate,% Adults Reporting Currently Smoking,% Adults with Obesity,Food Environment Index,% Physically Inactive,% Excessive Drinking,Chlamydia Rate,Teen Birth Rate,Drug Overdose Mortality Rate,% Uninsured Adults,% Uninsured Children,Preventable Hospitalization Rate,% With Annual Mammogram,% Vaccinated,% Some College,% Unemployed,% Disconnected Youth,% Children in Poverty,Income Ratio,% Children in Single-Parent Households,Residential segregation - Black/White,Homicide Rate,Firearm Fatalities Rates,Social Association Rate,Injury Death Rate,% Long Commute - Drives Alone,% Not Proficient in English,% Rural
2017,1000,Alabama,75.41303499,75.32973272,75.49633727,48193,10.14549259,15.82663382,14.2,309.9,20.92735311,35.5,5.8,29.8,13.90351529,614.1,33.11347994,15.941603,14.08970991,3.032001518,5805,40,41,59.86474992,4.396785166,8.33140566,24.4,5.238579235,38.10461622,56.99891266,9.4,19.8,12.3719241,79.908979,33.7,1.074845655,40.9631829
2017,2000,Alaska,78.48687881,78.22436786,78.74938976,74058,5.886556498,11.89523462,7.9,114.3,21.00785366,32.5,6.3,20,21.29393789,802.1,29.53221612,17.881908,17.10062311,9.101734213,2904,35,35,65.54229816,7.160695286,9.633407204,14.5,4.03099463,29.75425988,51.42837143,6.8,22.3,11.3544969,90.520411,16,1.758590556,33.98021207
2017,4000,Arizona,79.92711735,79.85258388,80.00165083,56508,7.114685535,12.50655324,9.7,273.1,15.55500301,27.5,6.6,21.8,16.70870284,564.4,29.99796872,20.158451,13.99226919,7.691470587,3096,41,44,63.09454933,4.869531723,8.729810665,21,4.646712894,35.71801798,45.97720943,5.7,14.8,5.6639782,80.773987,35,4.964103809,10.19017941
2017,5000,Arkansas,75.83033715,75.72468415,75.93599016,45916,8.953319154,18.31754545,13.4,222.3,22.28625875,34.2,5.2,31.6,15.80533385,576.5,40.65601251,13.811583,11.35859316,4.338232761,5129,37,45,57.33309676,3.679836842,9.036837826,22.5,4.786302698,35.74456894,64.60734942,7.7,17.9,12.1426805,80.589546,26.4,1.588385107,43.83967588
2017,6000,California,81.49660497,81.46593126,81.52727867,71785,6.78845182,10.79960925,8.6,385.1,11.33626274,23.6,8.9,17.6,19.2207998,553.4,21.67181254,12.024778,10.1380749,3.133188756,3598,36,41,64.22137825,4.758103269,6.995326542,18.1,5.254962639,31.44361281,55.72813794,5,7.9,5.8796075,48.932029,40.3,10.04381503,5.047383424
2017,8000,Colorado,80.45991829,80.3797176,80.54011898,69113,8.874938105,11.75874658,6.3,264.2,14.62950476,21.8,8.4,15.5,20.46852033,481.4,21.53939155,17.019715,10.23857264,4.517665874,2833,41,48,71.43266246,2.835170322,6.297745078,12.2,4.432778265,27.58461397,62.7956892,3.8,13.1,8.7513202,75.685386,34.7,3.069399124,13.84783969
2017,9000,Connecticut,80.83613463,80.74207179,80.93019747,74428,7.834893489,10.08980228,8.9,335.1,12.73098058,25.8,8.5,20.4,17.11073048,494.7,12.06874469,26.432934,7.474604016,2.910454756,4117,48,53,68.65694903,4.676332864,4.935997425,13,5.010042945,31.715073,62.62636108,3.2,5,9.4894799,64.94216,33.4,3.758864416,12.00736857
2017,10000,Delaware,78.55238793,78.36088281,78.74389304,64085,8.644426278,14.28087773,11.5,395.7,17.03005972,30.9,8.1,27.7,16.8261389,560.5,22.28178845,28.602019,7.267051635,2.870894918,5045,48,54,62.19380694,4.592437415,6.277239584,17.7,4.41191889,36.75175163,42.53243894,6.3,11.4,10.3125042,72.07759,34.2,2.078113569,16.70334345
2017,11000,District of Columbia,78.41545584,78.15446712,78.67644455,80153,9.991573372,10.83328486,8.1,2459.9,15.96559215,23.5,8.6,18.4,27.3130182,1312.3,0,34.385578,5.183141016,1.060746854,5520,35,38,80.7261284,6.051724396,8.517508386,26.2,7.29201267,52.83792342,69.28971124,16.2,14.4,28.7475575,72.389158,47.3,2.4798659,0
2017,12000,Florida,80.02305804,79.98012258,80.06599349,52582,8.651368978,12.88553843,10.6,610.8,16.09237241,26.6,6.9,25.9,17.12921818,476.6,23.25921937,21.08356,19.01126234,7.225790872,5086,43,43,62.31001288,4.152820499,7.65619789,20.6,4.679671458,38.11169576,54.44815625,5.9,12.7,7.0947942,75.600408,40.4,6.555147489,8.836969339
2017,13000,Georgia,77.68671353,77.62809277,77.74533429,56117,9.532727537,12.44118215,11.8,602.4,17.45379888,32,6,27.5,14.39644718,624.2,28.76645417,13.674861,18.85225831,7.452609222,4930,40,44,62.56055406,4.737530804,8.579250746,21.5,4.950378159,37.18234176,54.01007155,6.9,14.3,8.9986182,63.161046,40.7,2.895767034,24.9338204
2017,15000,Hawaii,82.19951071,82.03058547,82.36843595,77936,8.25738426,9.679061113,10.3,218.4,12.79333997,23.7,7.7,20.5,21.12971317,479.8,23.68419107,13.130589,5.496337321,2.364063214,2202,42,42,68.59652881,2.360162178,8.966467911,11.9,4.391844587,29.30600976,55.77237232,2,3.3,6.5707533,55.193746,40.9,4.772142792,8.072625103
2017,16000,Idaho,79.35727929,79.22142086,79.49313772,52280,6.618927321,10.9502465,8.9,80.7,14.3493365,29.3,7.3,20.8,16.58556603,361.1,23.68361004,13.788293,15.24380376,4.242587707,2652,39,41,64.89101699,3.155973782,7.096677992,14.8,4.272699129,24.50747086,69.58987139,2.1,14.6,7.4085162,73.455604,22.6,2.113444047,29.42187394
2017,17000,Illinois,79.2503818,79.19942023,79.30134338,63044,8.266421927,10.95022455,9.9,332.3,15.45940345,29.7,8.6,22.3,21.44461807,589.9,23.25007988,18.261442,9.767476706,2.941711819,5092,43,46,68.66908223,4.95808222,6.674559434,17,4.984205813,32.39271815,71.67492668,7,10.2,9.9429598,59.226542,40.9,4.368766968,11.51212972
2017,18000,Indiana,77.07282597,77.00262425,77.1430277,54134,8.052100414,15.04822338,11.9,199.5,21.77782905,33.4,7.1,26.7,17.61904551,514.2,28.37536938,23.208354,10.95990702,6.312638003,5006,42,49,62.3883594,3.525521042,6.823322821,17.8,4.394969439,33.55824295,68.17322223,5.9,13.7,12.3237203,74.088832,30.7,1.513664507,27.55639361
2017,19000,Iowa,79.45785335,79.36074754,79.55495916,58706,6.654305878,11.07655135,9.7,98.1,17.08001743,33.2,8.2,23.7,22.10570701,441.6,20.43781427,10.250627,6.517999307,2.942560675,3808,51,53,70.34127969,3.129097617,4.547597962,12.6,4.251720509,28.98264414,63.13119371,2.3,8.5,15.2429769,66.806201,19.9,1.592713898,35.98067198
2017,20000,Kansas,78.5638226,78.45952832,78.66811687,56382,7.073205747,11.56150291,10.1,122.4,17.38427352,33.2,6.8,24.8,18.67714248,465.3,27.92033675,11.165759,12.28035793,5.152260405,4024,45,46,69.60254311,3.622824321,5.539089936,14.7,4.343110894,28.80110037,57.75753311,4.4,12.7,13.710372,72.539419,20.3,2.183011857,25.80184206
2017,21000,Kentucky,75.41251155,75.32742789,75.4975952,48332,8.828102712,16.48253483,12.6,184.3,24.59343153,33.8,7,28.6,17.25353786,433.7,35.98575836,31.975957,7.423396531,3.687692655,5949,40,45,61.22916508,4.88731586,7.656382125,22.1,5.121551444,33.94166141,60.91994024,5.4,15.6,10.6910596,90.549124,29.5,1.014930235,41.61952654
2017,22000,Louisiana,76.05865257,75.97152393,76.1457812,46283,10.72279893,16.59008926,12.8,517.8,23.05077764,35.4,5.2,29.2,19.5900451,742,36.78435462,21.123164,12.29216161,2.973409368,5957,41,42,56.58410509,5.127864028,10.54006717,27.7,5.699915326,43.54516028,55.66805056,12.4,20.3,9.6427816,83.888598,32.7,1.463187711,26.81374924
2017,23000,Maine,78.5596139,78.40856696,78.71066084,55980,7.016255662,13.74663516,10.2,133.9,17.30342833,29.9,8.1,21.6,20.21985275,341,16.81682972,26.1715,11.939058,4.943425793,3675,46,45,66.89639934,3.279093618,5.471829353,14.2,4.606424974,31.66812807,70.35925188,1.8,11,11.2882109,81.937099,31.8,0.545836349,61.34017786
2017,24000,Maryland,79.23518956,79.15722629,79.31315283,80711,8.674814094,11.81124792,10.7,642.8,13.84752518,31,9,22.4,16.62922745,552.1,18.77436733,30.849197,8.29169495,3.701935124,4550,41,50,69.04793987,4.13771125,6.556227398,12.4,4.543963964,33.76025211,62.72929831,8,10.9,8.9951104,69.792623,49.1,3.216759937,12.80357395
2017,25000,Massachusetts,80.4463027,80.37943834,80.51316706,77385,7.5379124,11.45486789,8.9,342.5,13.66761859,24.7,9.3,21.3,21.34634262,427.3,11.15063065,29.898339,3.892958433,1.462689034,4933,54,53,72.671958,3.710298559,4.244296052,13.5,5.482891832,31.01571403,62.24503644,2.2,3.4,9.4259047,59.378983,42.4,4.518970308,8.027944161
2017,26000,Michigan,78.06734229,78.0101773,78.12450727,54840,8.453976427,13.83217294,10.8,183.7,19.30484974,32,7.1,23.4,19.60625899,507.9,21.83797949,23.549981,7.307336013,2.936452244,5203,44,46,67.72345045,4.638663047,7.096006309,19.6,4.707455685,34.2641644,73.19275828,6.3,11.7,9.9003133,72.0797,32.8,1.491719364,25.43276566
2017,27000,Minnesota,80.91737457,80.84254603,80.99220311,68364,6.532181588,9.385590707,8.3,175.6,14.51363317,27.9,8.8,20.1,21.71279577,422.1,15.52318165,11.973844,5.815446171,3.302113612,6015,46,50,74.5431662,3.452399915,4.046174027,11.7,4.3430621,27.85595574,61.89800662,2.1,7.7,13.0204644,63.607587,30.6,2.139779224,26.72764038
2017,28000,Mississippi,74.81002752,74.70336484,74.91669021,43595,11.54447046,16.10487182,14.6,383,22.18639774,36.8,4,31.9,13.6364223,708.7,39.42562088,11.790086,18.33986806,5.030718462,6085,39,41,59.03281798,5.074600748,9.304021978,27.6,5.334922381,44.21488984,49.37948334,10.7,19.3,12.6637847,84.974059,31.6,0.795066118,50.65461934
2017,29000,Missouri,77.40322226,77.32938586,77.47705865,53506,8.21695337,14.19197482,11.6,237.4,20.77499288,32.2,6.8,25.8,19.75779505,534.6,27.88380365,20.798018,13.18435389,5.015030304,4800,43,45,66.18312893,3.756254661,6.452422876,18.5,4.581344804,33.18338683,71.45148542,8,17.7,11.7787884,83.048325,31.5,0.964108507,29.56382671
2017,30000,Montana,78.51762752,78.33887431,78.69638073,53262,7.459408948,11.86566847,8.1,67.7,17.15814697,25.8,7.3,21.6,20.94283236,434.1,26.09519475,12.028297,12.11289481,6.083247123,3142,42,42,67.8498332,4.030206087,6.871722627,15.9,4.540461235,27.5887926,75.54032585,3.3,19.1,14.2694906,92.473802,15.7,0.286070011,44.1069723
2017,31000,Nebraska,79.53170674,79.40535032,79.65806315,59913,6.854575163,10.74980928,9.4,133.5,15.39411734,32.2,8,23.3,21.72827137,447.6,22.8836632,6.95393,11.5555062,5.142556107,3590,48,50,71.38913663,2.936582256,4.78051598,13.7,4.219328795,28.39408056,64.89960649,3.4,8.9,14.1400653,58.120626,18.2,2.760488097,26.86546488
2017,32000,Nevada,78.43327226,78.32371738,78.54282715,57932,8.378281915,11.58542108,10.2,375.2,17.58640131,25.7,7.9,23.1,19.30241023,542.4,28.83908585,22.199715,15.2021846,7.85933317,4383,34,37,57.57771957,5.029693387,9.659756969,19.2,4.261649326,36.66380944,44.23090641,6,15.7,4.2260958,74.124144,29.7,6.196929043,5.804519152
2017,33000,New Hampshire,79.50828571,79.35465676,79.66191466,73638,6.909216909,12.67454734,9.3,101.5,15.66527419,27.9,9,21.3,20.73347979,328.6,11.45141375,34.179948,8.474194028,2.461535032,4032,50,49,70.31709406,2.671351321,4.757008705,10,4.260218509,27.83512286,62.936384,1.4,9.2,10.3515429,80.228641,38.8,0.940348607,39.69691676
2017,34000,New Jersey,80.52898493,80.46907726,80.5888926,80106,8.161378883,11.98688768,9.5,468.2,13.73893182,26.4,9.3,26,18.05530223,391.3,13.86597697,23.022785,10.9481467,3.558193335,4535,41,49,68.28545615,4.627894301,5.801488704,13.8,5.226036423,29.4948828,62.49616208,4.3,5.4,8.5068875,52.878895,42.2,6.275110587,5.320446311
2017,35000,New Mexico,78.16534107,78.02671328,78.30396886,47086,8.915934839,14.20990166,8.9,189.5,17.48559441,26.6,4.1,19.7,16.17338999,649.4,38.62696859,23.88797,13.39782312,5.352334307,3094,34,40,60.00722599,6.152186167,9.086228629,25.9,5.204768584,39.80282701,51.62835348,7.2,17.6,8.3043193,101.227303,25.9,4.503098119,22.5729769
2017,36000,New York,81.17578277,81.13456402,81.21700152,64783,7.955363593,11.83372892,9.8,759.7,14.09140114,25.5,9.1,24.7,18.81306943,588.5,16.49083347,17.364736,8.008953143,2.636020927,4203,42,48,67.69037053,4.693334158,6.616040409,19.9,5.716023816,34.33484149,74.35816484,3.4,4.3,7.9750525,47.280114,37.6,7.189097075,12.12707519
2017,37000,North Carolina,77.98753041,77.9299948,78.04506602,52797,9.029236986,12.79671386,11.2,355.7,17.19453047,31.4,6.7,24.3,16.86620227,612,26.64561242,19.489211,15.60785597,4.886634514,4758,46,51,66.53046414,4.550416031,7.389296744,21,4.758638546,35.33847323,50.32251427,6,13,11.4976329,71.425682,32,2.515816925,33.91256636
2017,38000,North Dakota,79.81411176,79.59783082,80.03039271,62400,6.422837942,10.33170179,9,60.3,18.26962381,32.7,9,23.9,24.12910425,433.9,23.05345864,9.073803,9.090022929,7.528335125,4551,52,49,73.2444989,2.603974373,5.051326354,11.4,4.426410749,26.90537632,53.48033818,2.2,12.5,16.1505336,69.030231,13.4,0.598954317,40.10148813
2017,39000,Ohio,77.0182534,76.96502609,77.07148071,54077,8.575498958,14.73397823,11.8,217.6,21.13145981,32.3,6.7,26.4,20.20739274,526.6,25.67640526,36.547188,8.071752384,4.574887006,5168,43,49,64.8976181,4.99742908,5.733385854,19.8,4.750883149,35.71124713,69.07401817,5.7,12.1,11.1625666,82.115194,30.3,1.021133123,22.07609862
2017,40000,Oklahoma,75.90227478,75.81025183,75.99429773,50051,8.038530946,15.95846071,12.2,183.8,20.14787789,33.7,5.7,29.3,14.14671699,553.4,39.137174,19.658734,20.10304867,8.150600377,4926,37,48,59.64755419,4.291181473,8.509634366,21.3,4.634619039,33.87635146,55.66154499,7.3,17.4,11.6284868,93.134525,26.1,2.069075866,33.75642535
2017,41000,Oregon,79.64597453,79.56034327,79.7316058,60123,6.361914055,15.51256797,9.3,195,16.08781403,28.8,7.9,17.2,18.59276151,449.8,20.29277434,12.563984,9.835839113,3.685828674,2944,41,43,69.06311666,4.124783873,7.165036446,16.5,4.587254819,29.96018374,62.69685063,2.8,12.3,10.1719234,72.192527,28.3,3.018185087,18.9683624
2017,42000,Pennsylvania,78.30669833,78.25664735,78.35674931,59165,8.19226414,13.6148709,10.6,,18.7494183,30.3,8.2,23.1,19.20689358,440.8,19.67303551,34.587694,7.415841041,4.394706978,4655,45,51,64.24062814,4.912424604,5.876516738,16.9,4.815869352,33.63082867,71.48311612,5.3,11.8,12.2525123,81.423505,36.4,1.993350696,21.34318304
2017,44000,Rhode Island,79.77065726,79.60084039,79.94047414,62923,7.494234697,14.95602367,9.5,263,14.94989093,28.1,8.4,24.4,19.6438006,498.5,16.24905551,30.135265,6.504977151,2.232272788,4364,51,48,66.33717903,4.469601088,5.689660812,18.2,5.33570863,36.59571818,61.96407864,2.4,4.4,10.0694671,75.922794,32.5,4.405396743,9.265348429
2017,45000,South Carolina,76.97438304,76.89152757,77.05723852,50675,9.611655809,14.19186498,12.8,400.7,18.78839288,32.9,6.3,25.9,17.35186756,641.6,29.56473799,17.793745,16.10364745,5.202188674,4499,46,48,62.08965333,4.270286748,7.090827493,22.3,4.762885078,38.8956124,46.13381659,8,16.9,11.6750979,80.513848,33.9,1.414668903,33.67421461
2017,46000,South Dakota,79.02154497,78.81985511,79.22323483,56871,6.434382447,9.94001785,9.9,74.6,19.27891245,31.8,6.5,21.3,18.97709024,510.2,28.17432444,7.981218,12.6762921,6.486167533,4803,49,47,68.29337724,3.328998071,5.461226839,16.3,4.152208137,30.93443405,65.53606356,3.3,11,16.6845663,79.852905,14.5,0.974432618,43.34827679
2017,47000,Tennessee,76.08961285,76.01966799,76.1595577,51319,9.130769613,14.04846379,12.8,290.4,22.63907648,33.2,6.4,27.2,14.27063221,522.4,33.1674855,24.354604,13.9265206,4.32747425,5320,41,49,60.20646137,3.706421181,7.566371024,21.1,4.740869141,35.45946988,66.82573009,7.2,16.7,11.3415994,85.557705,34.3,1.525068675,33.60896172
2017,48000,Texas,79.02156265,78.98522627,79.05789903,59195,8.331095564,11.87767945,10,374.8,15.70960286,30.1,6,24.4,19.52038161,535.4,37.44036811,10.05305,23.35968416,10.66295277,5011,37,44,60.86459136,4.267856841,7.96677028,21,4.879189563,32.95724374,53.77657325,5.3,11.5,7.6238502,55.789687,37.7,7.662458671,15.30099885
2017,49000,Utah,79.756948,79.64724102,79.86665497,68395,7.021992559,11.30553826,7.1,115.3,8.880106723,25.9,7.8,18.1,12.21675711,326.7,19.14018692,21.106203,11.74857125,6.957266882,2436,39,46,70.32256611,3.244386072,6.498444895,10.6,3.792723838,18.24031319,62.59203792,2.1,12.2,3.456021,66.725615,23.9,2.386632929,9.417540889
2017,50000,Vermont,79.7388372,79.52159254,79.95608187,58271,6.681938751,13.61158169,8.4,122.9,15.81384094,26.3,8.6,19.1,19.47666228,297.9,13.4759045,19.100536,6.776715199,1.484363384,3455,47,48,67.48819476,3.01251298,5.094501481,12.8,4.458509546,30.76721323,67.46463275,1.9,11.3,13.4048042,79.840511,30.4,0.524876136,61.10451449
2017,51000,Virginia,79.44047625,79.37776232,79.50319019,71518,8.039927633,11.78015147,10.5,305,16.37718314,29.8,8.9,22.9,17.3998391,500.3,19.08739087,15.638346,12.07078794,5.046920333,4461,44,50,70.37990358,3.751905283,5.922620867,14,4.792645521,29.81118126,49.55875409,4.5,11.4,11.3801384,60.215263,39.4,2.615061297,24.54598311
2017,53000,Washington,80.30977849,80.24414955,80.37540744,70942,6.370387448,12.55346781,8.8,209.4,13.48905711,27.8,8.1,17,17.43002478,435.2,19.64401247,15.39053,8.740620973,2.614781074,2969,39,46,70.06775518,4.75987329,6.866159823,14.2,4.498271239,28.13355775,59.26355475,3,10,8.6527442,64.400871,35.6,3.729167479,15.95158925
2017,54000,West Virginia,74.96555335,74.83143402,75.09967269,43238,9.431578947,18.22744223,14.9,113.6,26.00690965,36.7,6.7,28.9,12.25324606,228,36.20153278,47.039867,9.206304977,2.597165767,6149,39,41,54.65976566,5.202020461,8.80915944,24.4,4.894356883,33.77052282,62.08230273,5.2,16.6,13.1287871,113.835604,33,0.355398497,51.27830959
2017,55000,Wisconsin,79.51683534,79.44346144,79.59020923,59300,7.281945048,12.22937809,9.3,124.9,16.02475908,31.3,8.8,20.8,24.20335297,478.6,18.29320496,18.039232,7.37217653,3.907718083,3940,50,52,68.8229195,3.28911154,5.22443573,14.6,4.268858646,31.45578855,76.77406236,3.4,10.3,11.5866098,77.089199,26.8,1.431803375,29.84617863
2017,56000,Wyoming,78.97815777,78.72720677,79.22910876,61279,8.606157904,11.65262054,8.7,65,18.72294486,28.9,6.8,24.1,19.77250944,369.7,29.94868006,15.077762,16.36774504,8.798823128,3375,36,42,67.10320948,4.202901021,5.699151832,12.9,4.237716763,26.88694431,68.00051343,3.3,17.9,13.6195334,90.789633,14.8,0.964190104,35.24198671
2018,1000,Alabama,75.41619415,75.33286677,75.49952153,49881,10.2548706,15.85646852,14.5,330.4,19.98983097,36.1,5.5,29.3,14.89137764,583.4,30.89461645,16.176762,15.14929638,3.208437882,5466,40,43,60.41190154,3.933566911,8.370018669,23.9,5.26113574,37.34273923,56.65398815,9.926443,20.575917,12.3202924,82.250245,34.3,1.061047926,40.9631829
2018,2000,Alaska,78.7721508,78.50900773,79.03529388,74912,5.861343446,10.71115441,8.3,117.6,18.54598251,31.9,6.4,19.3,17.61088281,832.5,27.10852815,17.349165,16.03192362,8.873416589,2693,35,36,65.03281281,6.587537757,9.651300874,14.5,4.10913408,29.64141782,51.51226234,7.111201,22.575374,11.2823044,93.224925,16.1,1.712905319,33.98021207
2018,4000,Arizona,79.89649908,79.82224795,79.97075021,59079,7.194695012,12.76792596,9.6,276.9,14.48927785,27.9,6.8,21.2,18.12687883,581.6,27.3501953,21.705587,14.6502869,8.403058264,2952,40,45,63.51478681,4.831880615,8.464993002,20.4,4.583322967,35.53629878,45.65928743,5.658357,15.202487,5.6095909,82.887005,35.5,4.861131484,10.19017941
2018,5000,Arkansas,75.93061174,75.82463294,76.03659054,47094,8.991426544,16.70526321,13.5,228.1,23.70825558,35,5.1,30.4,17.25390777,587.9,37.76539763,14.334328,11.79632413,4.348396687,4769,38,48,58.36982176,3.702410214,8.861248792,23.8,4.774278351,36.09561833,64.34665771,7.962826,18.346691,11.9847702,81.901287,26.6,1.592402405,43.83967588
2018,6000,California,81.57580635,81.5451389,81.6064738,75250,6.817937716,11.2754709,8.8,395.9,11.47400749,24.3,8.8,17.7,18.1269825,585.3,19.4895356,12.565095,10.30814896,3.165416797,3358,36,43,64.99325423,4.203526593,6.636195859,17.4,5.257712795,31.12598103,55.42886242,4.918123,7.868419,5.9053956,50.176515,41.2,9.810829751,5.047383424
2018,8000,Colorado,80.5002804,80.420232,80.58032881,71949,8.975466066,11.29570888,6.6,265,14.67335961,22.4,8.4,14.8,21.27752758,519.4,19.44366533,17.526295,10.25947887,4.759706891,2617,41,49,71.73302119,3.281526332,6.339690483,12.1,4.383049274,27.04084085,62.11743797,3.930556,13.899484,8.7875406,78.016458,35.5,3.024340918,13.84783969
2018,9000,Connecticut,80.86944868,80.77516631,80.96373105,76366,7.818107065,11.3203865,9.2,342.6,12.53833597,26.3,8.2,19.9,20.46557381,466.3,10.92910893,28.983075,7.494088977,2.551786446,4040,46,56,68.90460057,4.106569367,5.120937358,13.8,5.072007913,31.96532791,62.04624426,3.002633,5.143693,9.3627586,68.145566,33.7,3.797385619,12.00736857
2018,10000,Delaware,78.42865496,78.23848868,78.61882125,65467,8.724551212,13.13529235,11.8,403.6,17.4486198,32.4,7.8,27.3,19.81064717,627.7,20.44904711,35.436931,7.953204354,3.646790082,4871,48,56,61.74576071,3.757371001,5.914904083,17.6,4.397417403,36.91552082,42.86674216,6.31286,11.401041,10.3497727,76.489857,34.4,2.006503167,16.70334345
2018,11000,District of Columbia,78.5919757,78.33064727,78.85330413,82533,9.925573267,12.77904996,8.1,2360.8,15.38218526,24,8.5,17.4,23.45050607,1298.9,27.11591236,40.094398,4.07640512,1.708796453,5032,34,41,81.19717875,5.553495959,6.989464524,24.5,7.218459442,52.07704804,68.02563344,16.597369,15.78306,28.8844125,78.357905,48.8,2.495131337,0
2018,12000,Florida,80.0377844,79.99502113,80.08054768,55433,8.650626483,13.36409612,10.8,607,14.89251919,27.2,6.9,25.8,19.72849248,499.2,21.39904632,23.076129,19.15585305,7.562798963,4684,43,46,62.78249908,3.567241166,7.338981958,20,4.659833384,37.77427905,54.3879239,5.949363,12.904042,6.9969353,78.939862,41.5,6.527341214,8.836969339
2018,13000,Georgia,77.76907773,77.71073677,77.82741868,58634,9.636901938,13.20795969,12,624.9,16.34341017,32.3,6.5,26.4,16.81381316,632.2,26.25204119,13.867906,19.11737455,7.982841538,4835,41,46,63.13372142,3.940248328,8.280375095,21,4.923855422,37.02371025,54.08401573,7.077154,14.950139,8.8131775,64.927425,41.6,2.800758458,24.9338204
2018,15000,Hawaii,82.29038281,82.11973023,82.4610354,80527,8.275109513,10.34187966,11.1,203.6,14.39195414,24.6,7.6,19.6,22.9525804,541.8,21.8443974,14.193565,5.529283069,2.63276399,2104,41,44,68.6093469,2.446757571,8.201223919,11.8,4.401249735,29.02501434,54.67011584,2.277281,3.633685,6.5822311,57.423451,41.4,4.777639018,8.072625103
2018,16000,Idaho,79.32331847,79.18861155,79.4580254,55524,6.785111599,11.89859449,9.3,81.9,14.96217822,29,7.7,20.4,17.10213814,382.8,21.94092617,14.143555,16.29496592,6.06216901,2469,40,43,64.5448406,2.83774418,6.840414659,14.2,4.269947706,24.42740728,67.94552001,2.15422,15.111885,7.4050512,74.848837,22.9,2.055863934,29.42187394
2018,17000,Illinois,79.25415669,79.20278215,79.30553122,65063,8.312568644,11.50950112,9.9,334.5,15.88459017,29.7,8.7,21.6,21.53659848,604,21.27818952,20.631305,9.930008738,3.346310481,4913,43,49,69.16604932,4.302498283,6.355112302,16.2,4.979415333,32.46283918,71.21507733,7.188126,10.632717,9.9865945,62.296738,41.3,4.257779874,11.51212972
2018,18000,Indiana,77.04471176,76.97453229,77.11489122,55725,8.043442715,14.680152,12.1,206.4,21.7150271,33.9,7,26.7,18.64616385,523.9,26.50068954,25.045332,11.02434516,6.592764774,4795,42,52,62.72650696,3.434405145,6.581438747,17.5,4.370231421,33.89833566,67.78141726,6.25047,14.014575,12.2775699,77.065108,31.1,1.482394555,27.55639361
2018,19000,Iowa,79.41113552,79.31369975,79.5085713,60071,6.706229494,10.5339365,9.9,106,17.40317642,34.3,8.5,22.6,25.77276296,466.7,18.99871314,9.982463,6.789552259,2.711465485,3536,52,54,70.48185207,2.523641727,4.812036118,13.5,4.239692031,29.17990332,62.39733191,2.455092,8.622905,15.0056477,67.413117,20.2,1.636213663,35.98067198
2018,20000,Kansas,78.51951592,78.41466753,78.62436431,58150,7.095997436,12.63174392,10.5,128.1,17.94102802,33,6.7,23.9,18.20806756,488.5,25.70045263,11.349169,12.28557783,4.974393383,3959,45,49,69.87477014,3.362168303,5.577124085,14.8,4.347581154,28.52320723,57.81718735,4.604613,13.28056,13.621821,74.411007,20.9,2.235820427,25.80184206
2018,21000,Kentucky,75.43027337,75.34537406,75.51517269,50189,8.794159756,17.21471484,12.7,195.9,24.10873744,34.6,6.9,28.7,17.16019758,436.4,33.65149504,32.186677,7.818311953,3.74043633,5615,40,46,61.70676884,4.332443585,7.591414431,22.3,5.082639069,33.97946553,61.02420046,5.640246,16.181555,10.5899156,93.278195,30,1.02437392,41.61952654
2018,22000,Louisiana,76.06657598,75.97958121,76.15357076,48021,10.69951624,16.33091236,13,541,21.08762124,36.3,5.2,28,19.72445823,774.8,34.23726125,23.128514,11.69671401,3.307343329,5651,42,44,56.70686444,4.882714635,10.42112391,26.5,5.689600351,43.32966746,55.62409579,12.476308,20.705568,9.5300879,86.471661,33.3,1.474733923,26.81374924
2018,23000,Maine,78.68370602,78.53234219,78.83506986,55579,7.091152511,15.70047663,10.4,138.3,19.40244617,29.8,8,20.8,21.97924433,325.2,15.43736787,28.009456,11.68740046,5.659637724,3447,46,46,67.81046334,3.367017341,5.74508244,14.8,4.6060923,31.4131816,71.03109859,1.705514,10.967401,11.2522079,87.409138,32.7,0.558272941,61.34017786
2018,24000,Maryland,79.14402633,79.06620297,79.22184969,83076,8.669579101,11.35303549,11.1,652.9,12.61292806,31.6,8.7,21.9,15.41489918,586.3,17.24926308,36.524074,8.332721389,3.193652218,4134,42,52,69.54944705,3.924886547,6.300224587,12.1,4.545191361,33.21378128,62.42863349,8.237184,11.331106,9.0307044,75.649254,49.5,3.209963136,12.80357395
2018,25000,Massachusetts,80.51433587,80.44761806,80.58105368,79817,7.534108867,12.97135494,8.7,349.1,13.69186993,25,9.2,20,23.54608596,444,9.99311578,32.254698,3.962869305,1.189738392,4764,54,55,73.12244349,3.338605595,4.215132015,12.4,5.477978136,30.70166189,61.87938054,2.101046,3.520592,9.440538,64.053676,43.3,4.569438758,8.027944161
2018,26000,Michigan,78.04416435,77.98699949,78.10132922,56640,8.47041664,14.76447695,11,188.7,20.12128017,32.4,7,23.1,20.92030853,507.8,20.09470132,25.536591,7.668045812,3.341248349,4789,44,47,67.99857956,4.145810728,6.853885645,19.3,4.681829941,34.05057226,72.8340802,6.224643,11.941114,9.7930004,75.281111,33.3,1.507653503,25.43276566
2018,27000,Minnesota,80.93620301,80.86157278,81.01083323,70295,6.594981188,10.86227322,8.5,183.5,15.52266717,29,8.9,19.6,23.18634595,422.6,14.21589717,12.215897,5.904229316,3.26174351,5826,45,50,74.95092151,2.909880664,4.094465007,11.5,4.318253463,27.86479505,62.07642785,2.179226,7.669637,12.901032,64.799571,30.9,2.133735527,26.72764038
2018,28000,Mississippi,74.89414567,74.78674134,75.00155,44740,11.58423826,15.72658095,14.6,381.4,20.96281168,39.1,4.1,30.4,14.75048705,740.1,36.17002774,11.340101,18.46576587,4.641115155,5702,39,43,59.70892893,4.760952927,9.080377725,28.2,5.307349405,43.72551632,49.48316209,11.06018,20.313443,12.6668743,85.897225,31.9,0.816981152,50.65461934
2018,29000,Missouri,77.28754091,77.21334218,77.36173963,54412,8.333541108,14.83053295,11.4,245.6,20.07718611,32.5,7,25.5,20.50213683,568.1,26.01244918,23.716816,13.55103889,5.759213016,4638,44,47,66.69073945,3.196994625,6.247090939,18.3,4.576794186,33.2864643,71.31806072,8.562416,19.025438,11.6445865,87.738796,31.8,0.972306035,29.56382671
2018,30000,Montana,78.8326302,78.65598567,79.00927473,55248,7.494062596,12.18249481,8.9,71.8,18.91565059,27.1,7.4,21.7,21.85167809,468.1,24.36826897,11.504387,11.78435638,6.178465407,3023,43,43,67.77805021,3.721533365,7.124408093,16.4,4.492217728,26.78562648,77.00969114,3.442959,19.206247,14.3085084,91.445526,15.9,0.308493941,44.1069723
2018,31000,Nebraska,79.60932163,79.48256073,79.73608253,59724,6.986180343,11.29182703,10,137.3,16.5660997,33.4,7.6,22.7,23.72978399,418,21.3540913,7.122433,11.37555502,5.058351479,3475,48,50,71.89571202,2.794830451,4.912726852,12.9,4.214253014,28.17127829,64.52730832,3.16031,9.041181,13.958662,59.008912,18.4,2.66623725,26.86546488
2018,32000,Nevada,78.51281461,78.40378749,78.62184173,58740,8.442047266,13.32498777,10.5,402.5,15.72420179,27.1,7.6,22.5,17.93865276,584,26.61304748,22.613569,14.87728204,8.033240997,4245,34,38,58.27645523,4.560114478,9.207177673,18.4,4.27115737,37.12513547,45.05085228,6.350147,16.534678,4.4061545,76.769607,30.6,6.080229502,5.804519152
2018,33000,New Hampshire,79.51976645,79.36694665,79.67258624,75322,6.861921758,15.09912001,9.6,106.9,16.62246666,28.6,8.8,20.8,20.20901071,278.1,10.63106251,34.704594,8.553789535,2.341708206,3844,49,52,70.6325738,2.525631769,4.571397061,10.1,4.323577033,27.65789961,64.20509213,1.360377,10.102415,10.4463242,86.378641,38.9,0.992541869,39.69691676
2018,34000,New Jersey,80.43318231,80.37313877,80.49322584,81777,8.073808446,11.18009316,9.9,464.4,13.21504933,27,9.4,26.6,15.98576015,405.5,12.66348615,28.448953,10.58811096,3.767356511,4333,41,52,69.1647114,4.146017708,5.720067439,13.5,5.236009017,29.30276093,62.42365001,4.176347,5.197205,8.666984,56.400628,42.5,6.205861347,5.320446311
2018,35000,New Mexico,78.06665457,77.92820002,78.20510912,47405,8.957533773,14.7382918,9.5,204.6,15.87770531,27.3,4.2,19,16.73749163,670.5,35.20255774,24.423287,14.04345679,5.416414246,2894,35,40,59.98223192,4.949051536,9.377557576,25.3,5.212008195,39.47253924,51.75478882,7.599607,18.638848,8.1463071,105.402928,26.1,4.390917464,22.5729769
2018,36000,New York,81.26680573,81.22534197,81.30826949,67648,7.946689925,11.1091587,10.1,765.3,12.96059337,26.4,9,23.4,19.1745811,602.4,15.12988435,19.033802,7.66835954,2.455539604,4043,42,50,68.19969881,4.11132249,6.295137959,18.8,5.735573533,34.04293141,73.91641945,3.279181,4.273456,8.1014383,48.851368,38.1,7.056520165,12.12707519
2018,37000,North Carolina,78.04738016,77.98979666,78.10496365,53922,9.060290823,12.62431908,11.5,364.4,17.93806278,32.3,6.8,23.3,17.59702142,647.8,24.33199753,21.520053,15.54530182,5.362129073,4539,46,52,67.1055773,3.904517302,7.075469091,20.2,4.756716485,35.15094484,49.98426342,6.090291,13.289863,11.4536164,74.584678,32.8,2.452391438,33.91256636
2018,38000,North Dakota,79.88308258,79.66929846,80.09686671,65250,6.409228869,11.71513141,9.4,71.4,19.6617899,33.9,8.9,23.1,23.74232456,466.6,21.39189256,9.457109,8.790099238,6.318825094,4037,53,50,73.44676967,2.608446162,4.88982485,11,4.419502229,27.39678097,52.48432548,2.272354,12.467402,15.9589094,70.082717,13.5,0.632988314,40.10148813
2018,39000,Ohio,76.92613651,76.87289838,76.97937463,56155,8.555293211,15.50698275,12.2,227.7,21.4123643,33.5,6.8,26.1,18.48308832,542.3,23.86164789,38.384066,8.865891695,4.781489985,4901,43,51,65.390161,4.576051184,5.724718875,19.2,4.737888089,35.99045591,68.8956287,5.841173,12.508164,11.0432987,86.597888,30.5,1.038759007,22.07609862
2018,40000,Oklahoma,75.97119984,75.87950926,76.06289041,51914,8.006368484,15.63123428,12.3,192,19.89871068,34.5,5.8,27.8,14.90527495,559,36.16498274,19.529555,20.20499256,8.330261964,4781,38,49,59.67522028,3.393496631,8.105847719,21.4,4.656376705,34.03180914,55.17959996,7.261777,17.506605,11.516381,94.04248,26.5,2.058101143,33.75642535
2018,41000,Oregon,79.82752102,79.74226043,79.9127816,63168,6.441987572,14.75221845,9.7,197.9,15.7442162,29.3,7.8,17.3,19.48762955,464,18.49536127,12.738439,10.20818286,3.361774801,2799,42,44,69.58869487,4.151304883,6.974367278,15.7,4.554992678,29.98570353,61.41978881,2.767594,12.449715,10.2130592,73.626137,29.2,2.985883695,18.9683624
2018,42000,Pennsylvania,78.30174351,78.25144617,78.35204084,60891,8.211004655,15.00854388,11,330.8,17.91559754,30.8,8.4,22,20.20207377,463.4,18.09737909,37.581233,7.546237048,4.392265456,4464,45,53,64.96817864,4.292804414,5.869355268,16.7,4.776893893,33.75054586,71.25071343,5.424251,12.065038,12.2026445,85.557062,36.9,2.012840497,21.34318304
2018,44000,Rhode Island,79.92498549,79.75565199,80.094319,63787,7.522833623,12.51095387,10.1,284.4,15.21133401,28.5,8.2,23.5,19.67131,517.8,14.81933386,30.346192,5.678096984,2.090204389,3969,51,45,66.29213483,4.072636725,5.174752047,18,5.311994923,36.38482217,60.52275835,2.3556,4.04931,10.1010579,78.412807,32.9,4.378937031,9.265348429
2018,45000,South Carolina,77.00896979,76.92601499,77.09192459,52449,9.574051096,15.33832243,13.3,405.6,18.65684254,34,6.7,26,17.83781033,674.9,27.08711901,19.987239,15.6765032,4.787511678,4295,47,49,62.44825335,3.424350921,6.874378976,22.1,4.759809694,38.67854628,46.05111481,8.254413,17.323808,11.573275,84.929404,34.7,1.416080937,33.67421461
2018,46000,South Dakota,79.05239897,78.85288877,79.25190917,57041,6.483632524,9.492294261,10.1,84.5,20.19454114,32.4,6.6,22,24.31276697,509.6,26.16692803,7.603095,13.600331,5.88778511,4189,50,48,68.18534588,3.016571555,5.231568379,16.1,4.103756779,31.19949212,65.22295957,3.362615,11.804115,16.3108469,80.526699,14.8,0.993678177,43.34827679
2018,47000,Tennessee,75.99200584,75.92186855,76.06214313,52366,9.168165109,16.35858404,12.5,304.7,20.78075469,33.3,6.2,27.2,17.12575496,569,30.92657627,25.966883,14.60041676,5.072798721,4915,41,50,60.75808102,3.490555106,7.476687831,21.8,4.767080162,35.32334192,66.24688528,7.467712,17.156931,11.2673393,88.557523,34.8,1.513469872,33.60896172
2018,48000,Texas,79.08777013,79.05170776,79.1238325,60632,8.328264628,11.60684795,10.2,392.7,14.24050193,31.4,5.9,23.2,18.97290398,517.6,34.31658863,10.398374,23.84769082,11.13711307,4793,37,46,61.4188542,3.8552734,7.897752113,21.1,4.83774702,32.77482702,53.42499103,5.38627,11.801563,7.5228613,56.581312,38.2,7.563622586,15.30099885
2018,49000,Utah,79.87645868,79.76782681,79.98509054,71381,7.057205705,11.90546254,7.5,117.7,9.112347643,27,8,16.7,11.09788186,339.8,17.68636479,20.495686,12.15970589,7.189117228,2341,40,48,70.32716283,3.115377349,6.286857849,9.7,3.784283849,18.15341613,62.59316862,2.103847,12.33202,3.4987765,66.859084,24.2,2.363056561,9.417540889
2018,50000,Vermont,79.68050769,79.45931944,79.90169594,60917,6.731169627,12.64496751,8.8,130.4,14.69127406,27,8.7,18.4,20.45403424,274.5,12.32780793,21.978608,5.891425629,1.549206666,3256,45,49,68.3351469,2.665137071,5.504180741,12.2,4.428211488,30.45603863,66.67012309,2.032059,11.799867,13.3801906,83.398515,30.8,0.558037027,61.10451449
2018,51000,Virginia,79.47855646,79.41579827,79.54131465,72600,8.070214747,12.47829992,10.7,321.7,15.10509378,30.5,8.8,22.2,17.68070578,507.3,17.60948551,17.165683,12.03141248,4.958967626,4269,43,51,70.67981801,2.968681604,5.300136086,13.8,4.798808602,29.73238629,49.42206539,4.592258,11.779012,11.270668,62.787358,40.2,2.653843667,24.54598311
2018,53000,Washington,80.40699389,80.34156062,80.47242716,74023,6.436041965,12.2614988,9.3,215.2,12.12814269,28.6,8.2,16.4,17.11205566,465.2,17.79835569,15.452555,9.213920633,2.789408689,2853,40,47,70.71632483,4.502840029,6.701549212,12.6,4.429319372,27.97546589,60.0358695,3.179042,10.323298,8.5341681,65.790457,36.6,3.67468129,15.95158925
2018,54000,West Virginia,74.80022749,74.66391261,74.93654237,44038,9.398903134,19.53559265,15.1,122.2,26.92676071,37.8,6.9,28,14.41609966,198.2,33.60247766,49.772676,9.330071933,3.369177934,5748,39,42,55.06161591,5.25562615,9.38195553,23.2,4.907807533,33.52435452,61.05171671,5.164517,17.349486,13.0355426,118.768001,33.4,0.345654289,51.27830959
2018,55000,Wisconsin,79.44634516,79.37307461,79.51961572,60779,7.353426573,12.60272763,9.5,129,17.24017469,31.7,9,20.3,27.11260448,483.6,16.81613837,19.151404,7.53156725,3.847420359,3747,49,53,69.25725014,3.000222449,5.207265557,14.1,4.252163878,31.53930224,76.70869319,3.496281,10.326227,11.4559596,79.964284,27,1.418582799,29.84617863
2018,56000,Wyoming,79.04760012,78.80152054,79.2936797,62259,8.772747577,12.66222033,9,72.5,19.24198445,29.2,6.7,23.1,20.05160328,374.4,27.92616406,13.428573,14.71916738,6.820472214,3421,36,44,66.87598736,4.059383374,6.010011086,13.1,4.267707752,26.33544574,68.31846303,3.290861,18.676105,13.8471311,92.487915,14.7,0.940014617,35.24198671
2019,1000,Alabama,75.54807547,75.4649,75.63125094,51771,10.31937927,18.28465548,12.2,336.4,21.092716,36.3,5.3,30.8,14.79924765,636.9,28.9552571,16.214591,14.74853203,3.271234466,4875,42,42,60.71414972,3.000554923,7.815581568,21.9,5.238165305,31.81370581,56.57964759,10.445778,21.600715,12.1553643,84.463387,34.6,1.100683102,40.9631829
2019,2000,Alaska,79.03284183,78.76706264,79.29862102,77203,5.948918619,12.02979151,7.1,120.9,17.32177599,30.7,7,21.6,18.14785009,854.9,24.78677022,17.611548,14.72943812,7.730523999,2509,36,37,65.44041597,6.138973713,9.420467884,13.2,4.160792504,21.35770605,51.80485785,7.886117,23.528748,11.5235563,97.069641,16.4,1.6166275,33.98021207
2019,4000,Arizona,79.987569,79.91329411,80.06184389,62027,7.254349219,14.97291861,9.8,283.1,15.62910521,31.9,6.5,23.6,17.3805594,591.6,24.66806213,23.799727,15.41971445,9.201560981,2666,41,45,63.7805141,4.695658638,8.395924722,19.2,4.533218156,26.18347122,45.96354901,5.623265,15.559632,5.5916448,85.78663,36.3,4.635257819,10.19017941
2019,5000,Arkansas,76.04882734,75.94317997,76.1544747,49020,9.070698592,18.49201512,12.1,236,21.10430259,38,4.8,30.4,15.93922113,569.8,35.5390976,14.14357,12.85772983,5.881435583,4178,39,47,58.53258168,3.548676145,8.716012836,21.7,4.783271857,28.91417907,64.41452958,8.099158,18.843702,12.0186732,82.547013,27,1.58780155,43.83967588
2019,6000,California,81.67648863,81.64580191,81.70717536,80423,6.876064237,11.99810203,9.4,401.1,10.09075769,26.2,8.9,22.3,18.79368726,599.1,17.4468837,13.839107,10.96264299,3.535826011,3067,37,43,65.70344193,4.039851886,6.431152346,15.6,5.164325373,22.50500419,55.1412656,4.815497,7.841594,5.9665081,51.784065,42.2,9.566691914,5.047383424
2019,8000,Colorado,80.60787598,80.5279446,80.68780735,77104,9.059798549,12.44336966,6.6,267.9,13.56580105,23.6,8.5,18.7,20.1349105,517.8,17.81528129,18.105139,10.81398314,5.658062997,2337,40,48,72.07888081,2.752443338,6.112293177,11.2,4.381465859,21.06288831,62.02133053,3.986267,14.35212,8.6407851,79.904277,36.3,2.920920028,13.84783969
2019,9000,Connecticut,80.86508123,80.77083818,80.95932428,78920,7.804758183,11.64670218,8.2,346,12.62480421,29.1,8,23.3,19.20875173,428.9,9.86235713,31.278738,8.276780558,3.554047764,3450,47,55,69.18582173,3.729440495,4.793284535,13.5,5.079486356,25.41226011,61.53815562,2.830238,5.169482,9.2166493,71.763594,34.3,3.829425353,12.00736857
2019,10000,Delaware,78.47126964,78.28023604,78.66230324,70348,8.886021958,14.35806089,10.9,408.2,16.41577648,34.2,7.5,25.3,20.4722258,602.2,18.98770594,40.442679,9.121778737,5.008204289,4495,51,56,61.75277899,3.780283829,6.090920342,16.3,4.380928167,27.88156469,42.99968809,6.12407,11.122977,10.2899676,81.755964,35.1,2.101021921,16.70334345
2019,11000,District of Columbia,79.01957062,78.75390791,79.28523333,90395,9.962608051,12.2,9.8,2325.4,14.2,27.5,8.7,19.9,24.47832649,1321.6,23.95126171,41.623537,4.631545164,1.910001995,4509,34,41,81.5628395,5.48504887,6.644880174,20.8,7.154163045,46.98715037,66.96728764,18.084755,17.16068,28.2253322,85.514013,50.7,2.443475804,0
2019,12000,Florida,80.16699278,80.12443206,80.20955349,59198,8.67507408,14.20441727,9.4,615,15.25495347,26.3,7,25.9,20.18391597,515.9,19.72511851,23.609873,19.43705157,7.590889704,4203,44,45,63.05366744,3.102451232,7.106971499,18.2,4.612303113,29.0373634,53.9654336,5.949699,13.147286,6.9741984,82.209239,42.4,6.526836882,8.836969339
2019,13000,Georgia,77.93953737,77.88141024,77.99766449,61950,9.742856604,15.46249931,11.1,638.5,16.51531267,33.4,6.3,27.4,17.80519243,637.8,24.23930598,13.777361,19.00060455,7.482014612,4295,42,46,63.57380064,3.424652977,7.857661807,19.5,4.859515743,30.45314117,53.9019528,7.274766,15.384465,8.8797442,66.413896,42.3,2.784582602,24.9338204
2019,15000,Hawaii,82.2801353,82.10964015,82.45063044,83734,8.314495451,11.48724137,9.3,199.8,12.90663099,25.5,7.8,23.9,20.68262388,571.6,20.04364676,15.431878,5.598375702,2.577177154,1982,42,44,68.85617155,2.709656658,7.887360247,11.2,4.376744321,21.42070448,54.8802646,2.402571,3.944379,6.7661484,60.386906,41.4,4.631532524,8.072625103
2019,16000,Idaho,79.44379711,79.31174367,79.57585056,60830,6.850946913,13.67190333,9.2,84,15.85272619,29.5,7.5,23.3,19.55761825,384,20.02765981,14.282411,16.11642574,5.121888079,2123,41,43,64.60536262,2.908389529,6.385743457,12.7,4.200779572,17.95135328,70.27787828,2.077196,15.332203,7.2856891,76.032836,23.3,1.917438625,29.42187394
2019,17000,Illinois,79.37984409,79.32842066,79.43126753,69212,8.352366,12.73171242,10,335.7,14.83168683,31.5,8.6,25.1,22.94580757,639.3,19.3633345,21.693096,10.54562268,3.943043818,4447,44,49,69.58464294,3.968858075,6.181780095,15.6,5.008027566,25.32486845,70.8670308,7.372893,10.961785,9.8872924,65.14137,41.6,4.127875697,11.51212972
2019,18000,Indiana,77.11442956,77.04457145,77.18428767,57617,8.08495563,14.78137814,11.1,207.3,19.91204075,35.4,6.6,30.6,17.69469005,526.3,24.75360211,25.782798,11.66926492,7.039558388,4322,44,52,62.82531584,3.315609657,6.509010784,15.1,4.336361067,25.11108671,67.26296455,6.486581,14.377551,11.9930739,79.793309,31.7,1.468316563,27.55639361
2019,19000,Iowa,79.36462605,79.26784437,79.46140772,61807,6.719057409,12.82256963,9,109.6,17.42549856,34.3,8.4,26.1,24.55226433,508.5,17.58378864,10.362775,6.983148736,2.637464415,3134,53,54,70.44483457,2.749545241,4.997513387,12.8,4.21507242,20.98072169,60.59840237,2.523609,8.933845,14.8079123,68.08557,20.6,1.686769749,35.98067198
2019,20000,Kansas,78.45171832,78.34716414,78.5562725,62028,7.1553613,14.39015569,9.7,131.6,16.83942979,35.6,6.7,26.7,20.00991543,524.7,23.57588756,12.371334,12.84402962,5.732295287,3645,46,49,70.17594137,3.165236015,5.56100529,14.3,4.344093799,21.22279775,57.16366055,4.755623,13.780433,13.5035221,75.964122,21.2,2.299397067,25.80184206
2019,21000,Kentucky,75.63291423,75.54868894,75.71713951,52256,8.808592989,17.98067433,11.7,203.8,24.53331593,36.4,6.6,31.6,18.20838545,468.1,31.28745821,31.821628,8.958125169,4.273094249,5028,41,46,62.23429417,4.29480502,7.479039675,20.9,5.02647175,26.38010395,60.38329131,5.672694,16.357838,10.5692606,95.603472,30.5,1.030264992,41.61952654
2019,22000,Louisiana,76.1408839,76.05368427,76.22808353,51108,10.700581,18.85204205,11.3,551.4,22.64167684,36.2,5,31.5,21.89615343,777.2,32.05126958,25.119514,12.88654838,4.017982378,4947,43,44,56.79243216,4.828018341,10.17978326,26.4,5.720851476,35.21808049,55.53022399,12.758793,21.207518,9.5379576,89.619004,33.7,1.459836256,26.81374924
2019,23000,Maine,78.69400066,78.54324691,78.84475442,58824,7.193195905,15.64412585,8.7,140.9,19.14415865,31.4,8.1,29.5,22.45712473,296.8,13.95967124,28.368632,11.6386014,5.573202878,3070,47,45,68.33687395,3.028282058,5.336231023,13.8,4.525715231,20.59993866,71.97173999,1.638515,11.393358,10.9655322,93.033283,32.9,0.508078527,61.34017786
2019,24000,Maryland,79.21765277,79.14006546,79.29524007,86644,8.65520688,12.1429118,9.8,656.2,12.75089221,32,8.7,23,15.95516472,624.9,16.06800139,38.256781,8.33498447,3.266735974,3568,42,51,69.83948536,3.578990563,5.983979896,12.3,4.540478329,26.42644527,62.70265068,8.619246,12.004606,8.9518466,81.910465,50.2,3.320245208,12.80357395
2019,25000,Massachusetts,80.62190617,80.55588542,80.68792692,85700,7.541196,12.90040993,7.4,354.6,12.1957696,25.4,9.3,26,22.46698125,458.8,8.96192271,32.04633,4.188955265,1.565210956,4202,54,56,73.58579597,2.904566598,4.07961334,12,5.398820567,24.58218908,61.79144767,2.1468,3.566772,9.3681497,68.139352,44.1,4.570973245,8.027944161
2019,26000,Michigan,78.1402241,78.08336835,78.19707985,59522,8.509478383,17.08165715,9.5,195.8,19.58071456,35.8,7.1,24.6,20.4730893,501.7,18.47724889,25.613554,8.340758866,3.41398274,4357,45,47,68.02890909,4.080107395,6.789703027,17.5,4.636326211,25.66767485,72.68027143,6.048724,12.173679,9.7117642,77.642846,33.5,1.4985037,25.43276566
2019,27000,Minnesota,80.92115392,80.84683315,80.99547469,74529,6.63063626,12.07081532,7.8,187.4,14.95352817,30,9,19.7,23.44871105,433.9,12.99960373,12.842137,6.899079351,3.050304628,3073,52,55,75.25199289,3.231734906,4.025340446,11,4.293032524,20.01715205,61.49367858,2.29113,7.935492,12.6479884,66.925404,31.2,2.085878082,26.72764038
2019,28000,Mississippi,74.876898,74.76890075,74.98489526,45928,11.67729522,17.62242491,13.3,396.7,21.12115212,41.2,3.8,36.9,15.87757288,850.2,33.73550494,11.825485,19.19983155,6.152772057,5013,41,43,59.89163891,5.424729199,8.860729818,27.6,5.346105312,37.06371932,49.39005884,11.73904,21.429761,12.559855,88.291419,32.5,0.798921713,50.65461934
2019,29000,Missouri,77.29965613,77.22534295,77.37396932,57375,8.488431093,15.5920946,9,248.3,20.43055405,34.6,6.7,29.6,19.47944798,560.8,24.29989871,24.813069,14.04947708,6.540384184,4155,45,47,66.77060306,3.294016684,6.33237732,17,4.54589493,25.39156802,70.83894051,9.029146,19.990781,11.5162247,91.248031,32.4,0.991272103,29.56382671
2019,30000,Montana,78.91400672,78.73944297,79.08857047,57248,7.482831264,14.44936409,6.4,74,17.68534754,28,7.6,18.6,24.31937859,444.7,22.56956613,12.163783,11.72460452,6.349931476,2629,44,43,68.40574201,3.483204406,7.126849813,15.4,4.440209864,20.16029729,76.61938732,3.604819,19.744933,13.9972941,92.865859,16.5,0.268185373,44.1069723
2019,31000,Nebraska,79.56508001,79.43886663,79.6912934,63290,7.107529656,11.41586812,9.1,140.6,15.11982205,34.3,7.7,26.6,23.20984875,480.3,19.7099377,7.797706,11.40664613,5.190223567,3122,49,51,72.07489823,3.048375256,4.517664674,11.5,4.224486023,20.98598207,64.03476218,3.096631,9.262487,13.9267414,59.976689,18.8,2.619429779,26.86546488
2019,32000,Nevada,78.66531397,78.5574299,78.77319805,63268,8.554987775,15.20604025,9.9,415.8,15.3191509,30.5,7.4,25.6,19.5095249,578.8,24.51705215,22.068376,15.60415055,8.011738914,3749,34,38,58.52470643,3.888476487,8.982655413,17.6,4.318425221,27.45821589,44.95384681,6.450288,16.676158,4.2887438,77.92691,31.9,5.912333695,5.804519152
2019,33000,New Hampshire,79.68612496,79.53518777,79.83706214,78571,6.736602481,15.33465184,8,110.4,16.94764548,32.1,9.1,21.1,20.78627764,263.1,9.59147543,32.668435,9.044789452,3.447218373,3436,49,52,70.82323888,2.543509785,4.588131585,8.1,4.330830695,19.09797018,63.82635848,1.589395,10.558615,10.3698507,88.528779,39.1,0.989113753,39.69691676
2019,34000,New Jersey,80.49253966,80.43252019,80.55255912,85786,8.029023066,11.18009316,9.5,468,13.21504933,25.5,9.3,27.9,15.98576015,423.2,11.69997278,31.31023,11.15752942,4.220750197,3892,41,51,69.90935969,3.556387345,5.631867824,12.2,5.230815197,22.60366861,62.05436067,3.991279,4.979995,8.6746624,59.929972,43.4,6.160214064,5.320446311
2019,35000,New Mexico,77.97595945,77.83727396,78.11464494,52021,9.01755831,15.20935989,10.9,212.2,16.49255686,32.2,4.6,24.8,17.39487313,681.2,31.87392094,25.93814,14.63263953,5.86501932,2723,36,39,60.48396057,4.864210852,9.90455562,23.5,5.147267334,29.58926403,48.91422803,8.264174,19.872778,8.2219389,108.304725,26.8,4.230424187,22.5729769
2019,36000,New York,81.43622445,81.3946114,81.4778375,72038,7.964977055,12.08676944,9.4,765,12.88221562,27.2,9,27,18.98738484,640.6,13.9407388,19.092476,7.510832691,2.338912823,3717,43,49,68.66904185,3.960654949,6.047069356,18.2,5.746058849,26.98280754,73.48224563,3.192688,4.214004,8.1229344,50.460304,38.7,6.931989468,12.12707519
2019,37000,North Carolina,78.12777947,78.07047043,78.1850885,57388,9.129759963,14.01268832,10.5,373,18.86418403,34,6.6,25.9,16.5439424,669.9,22.4031611,22.279572,16.29755979,5.809630074,4096,48,53,67.44776574,3.869052364,7.119914638,19.3,4.704235648,27.67321605,50.07486039,6.214259,13.521065,11.3357216,77.33948,33.5,2.391117535,33.91256636
2019,38000,North Dakota,79.71882513,79.50578733,79.93186293,67402,6.488784252,11.19866282,8.2,78.6,17.41866344,35.8,8.9,27.9,24.11584563,509.1,19.85892633,9.659579,7.693508045,6.25152321,3553,53,50,73.26015961,2.373377734,4.785108413,10.9,4.448128693,19.64255125,50.32356436,2.340501,12.314066,15.8517286,70.535604,14,0.6692234,40.10148813
2019,39000,Ohio,76.98330532,76.93031757,77.03629307,58704,8.557250161,17.06422466,10.3,235.3,21.75248292,34.6,6.8,27.6,20.6864749,559.4,22.2752019,38.07958,9.065757264,4.891479206,4338,45,51,65.53797988,4.11469753,5.651454743,18.1,4.678095479,27.11054027,68.62277248,5.948674,13.117664,10.9221411,90.896847,31.1,1.07086363,22.07609862
2019,40000,Oklahoma,76.04994387,75.95871418,76.14117355,54447,8.042907314,16.11528219,11,194.2,19.19234775,37.1,5.8,33.4,14.48202248,594.3,33.33340852,18.054395,20.32114313,8.552199673,4346,40,47,59.5221173,3.294308187,7.963046524,19.7,4.646670238,26.54572944,55.37763781,7.446769,18.077056,11.3192642,94.376978,27,2.030121306,33.75642535
2019,41000,Oregon,79.87672225,79.79190584,79.96153866,66955,6.519062806,14.63759637,7.5,202.4,14.90443486,28.8,8.1,23.5,21.1501194,457.1,16.82265022,13.480755,10.19425627,3.972946436,2378,43,44,69.94346059,3.743786456,6.777202388,13.6,4.55798269,20.91601394,61.24246257,2.785752,12.634429,10.0575261,75.293847,30,2.868759755,18.9683624
2019,42000,Pennsylvania,78.44681935,78.39673774,78.49690096,63455,8.256493322,14.57331993,9.2,333.9,17.82384041,33.1,8.4,24.6,19.78748533,481.9,16.59574017,36.913062,7.820143459,4.596551638,3966,47,54,65.6274342,4.375129397,5.658264065,16.5,4.787003894,25.77764077,71.01864181,5.449836,12.298185,12.225444,88.959108,37.6,2.029157382,21.34318304
2019,44000,Rhode Island,79.83840413,79.67078235,80.00602591,70383,7.491027907,14.09185154,9.1,289.7,13.84640207,30.1,8.7,26,21.67898746,539.8,13.39793866,29.719974,5.996348959,1.837961259,3797,53,45,66.81361561,3.561489972,4.902882713,16.5,5.173702202,27.85424592,60.44442041,2.244541,4.310802,10.0343509,79.86328,33.8,4.121153967,9.265348429
2019,45000,South Carolina,77.11691238,77.0338299,77.19999487,56360,9.614755511,13.60765834,11.5,404,18.4084943,35.5,6.7,28.5,21.68749333,698.2,24.95860962,21.366947,15.99043053,5.878032148,3797,48,49,63.17643034,2.849534863,6.870546764,19.9,4.777159908,31.19188396,46.484298,8.602666,18.081206,11.4844212,88.454965,35.7,1.447184122,33.67421461
2019,46000,South Dakota,78.90932291,78.71081608,79.10782974,60414,6.597616345,11.11312035,9.3,89.8,18.9920849,33.1,7.3,28.9,24.38099554,514,24.12374867,8.192493,14.04219182,7.689256854,3539,50,48,68.32394784,3.29394422,5.337078652,14.9,4.11108133,22.80387371,65.58753542,3.48269,12.269283,16.130509,82.238596,15.1,0.966875206,43.34827679
2019,47000,Tennessee,75.978706,75.90867747,76.04873453,56047,9.16501311,16.29003384,12,307.3,20.69903378,36.6,6.2,29,17.24408951,601.7,28.80052523,27.998784,14.75567913,4.948706322,4331,43,50,61.42443425,3.388933103,6.785765529,19.4,4.721009154,28.51577543,65.80529797,7.680427,17.770609,11.1375109,92.475686,35.3,1.537637012,33.60896172
2019,48000,Texas,79.16551987,79.1296617,79.20137803,64044,8.351286462,12.05923815,11.8,402.1,14.65468862,34.1,6.1,26.9,19.64313976,445.1,31.40694906,10.615992,24.34470463,12.67289969,4255,39,46,61.99235904,3.513821743,7.761405177,19.2,4.822935532,26.26787337,53.26656811,5.488366,12.206543,7.5196887,57.637923,38.9,7.371821686,15.30099885
2019,49000,Utah,80.07421549,79.96681629,80.18161468,75705,7.140048458,13.63921293,8.3,121.7,7.900736369,29.9,7.8,18.7,11.90924484,345.5,16.09581717,19.484848,12.08306328,8.097527009,2110,42,49,70.7481925,2.606839361,5.865098072,9.6,3.763657359,14.28978143,65.69453696,2.228485,12.490307,3.4934955,66.924327,25,2.340789392,9.417540889
2019,50000,Vermont,79.83459571,79.61241591,80.05677552,63293,6.792612505,14.81366358,7.3,132.7,16.19109484,27.1,8.7,19.3,23.16219359,275.3,11.0769651,22.412611,6.864064236,1.870383607,2965,46,49,68.72525124,2.383505685,5.257830512,10.8,4.487730886,21.15995968,63.88533913,2.078682,11.745575,13.1412573,85.579474,31.7,0.614044675,61.10451449
2019,51000,Virginia,79.54983651,79.48735173,79.61232129,76471,8.099247038,13.02538194,9.8,329,14.15932868,31.8,8.8,24.8,17.30186032,564.3,16.27255287,17.638837,10.83977963,4.883772293,3896,44,51,71.12757639,2.790385331,5.160514706,13.3,4.794228153,24.33896873,49.18991178,4.729672,12.04215,11.1779963,64.665116,40.8,2.680559834,24.54598311
2019,53000,Washington,80.42020339,80.35514939,80.48525739,78674,6.480207257,13.81485858,8.5,218.8,12.75077585,28.2,8.3,18.9,16.48278462,496.3,16.26595256,15.924649,9.426438362,3.124184078,2533,40,47,70.86172109,4.252383271,6.472117156,12,4.438501333,19.72324879,59.48571184,3.155883,10.547196,8.4610513,66.879055,37.4,3.624105237,15.95158925
2019,54000,West Virginia,74.79449039,74.65756662,74.93141416,48659,9.478511472,22.26076798,13,129.2,26.13643479,39.7,6.6,29.5,15.17629912,313,30.88848942,49.872216,9.842882297,3.105029779,5472,41,42,55.69579459,4.90833418,9.468240738,20.8,4.981531176,24.50859133,59.57883819,5.119709,17.614571,13.146243,124.336208,33.3,0.33405727,51.27830959
2019,55000,Wisconsin,79.45705404,79.3844031,79.52970499,64177,7.413799483,13.45505746,7.4,131.9,16.19753928,34.3,8.7,22.3,25.20383948,499.4,15.47659898,19.831931,7.974790548,3.834108554,3260,49,53,69.62382964,3.347175906,5.040165974,13.5,4.242336739,22.94968739,76.06226488,3.571975,10.706819,11.4024478,83.929316,27.5,1.382181543,29.84617863
2019,56000,Wyoming,78.90972818,78.66374853,79.15570782,66152,8.942719062,13.02095119,6.8,71.5,18.4382754,29.6,7,24,20.47672947,378.2,25.73850584,12.328531,16.26921447,11.0655678,3155,37,43,66.52755802,3.60227195,6.864941943,11.7,4.259308751,18.42105263,67.7501321,3.411688,20.086544,13.7535658,95.067137,14.5,0.869632293,35.24198671
2020,1000,Alabama,74.83594896,74.7539907,74.91790722,53958,10.43276003,16.48429623,13,341.6,19.5,39.3,5.3,27.8,16.14162693,552.2,27.5988893,17.481629,14.91000099,3.626804038,3599,36,44,61.57528395,5.87700638,8.034348491,20.9,5.157920311,31.12819911,57.38823523,11.106885,22.2939,11.9109253,86.905718,35.2,1.019447937,40.9631829
2020,2000,Alaska,78.61564055,78.35618171,78.8750994,79961,6.064883942,9.93070671,7.4,121.7,18,31.8,6.8,21.1,20.04469959,695.8,22.98125451,18.271556,14.80600535,8.638497154,1820,30,36,65.09722875,7.82810184,9.81273819,12.3,4.064093165,19.90874225,56.08988427,8.124888,23.520912,11.39288635,99.760174,16.6,1.553992475,33.98021207
2020,4000,Arizona,79.06102337,78.98861375,79.13343299,64652,7.323263491,13.99263867,9.7,282.9,13.7,31.5,6.4,21.6,17.39264492,512.3,22.34053242,28.013287,15.23625922,9.283735976,2129,35,48,64.70232254,7.90060778,8.160803025,17.6,4.485400232,26.20495373,49.25544444,5.816278,16.125473,5.45719063,90.362392,36.5,4.37357256,10.19017941
2020,5000,Arkansas,75.48838534,75.38393067,75.59284001,51146,9.189876511,18.72401645,11.7,239.3,21.6,37.2,4.8,28.8,17.78634243,531.9,33.31398225,15.206103,12.58436553,4.204564956,3142,35,49,58.98405431,6.05124865,9.072762998,20.8,4.745164688,28.30818641,65.71334107,8.828886,19.794512,11.74715115,85.242607,27.2,1.61707683,43.83967588
2020,6000,California,81.00787054,80.97771075,81.03803032,83001,6.889021503,12.69061179,9.2,406,9,30.2,8.8,21.1,18.40291257,452.2,15.64330403,17.269891,9.953588877,3.396003649,2256,30,46,66.85087178,10.13801157,6.528763297,14.6,5.142095177,22.44568251,57.04854501,4.972175,8.011702,6.041443019,54.852346,42.3,9.185338331,5.047383424
2020,8000,Colorado,79.97718971,79.89933527,80.05504415,77688,9.124500348,13.09118114,7,269.1,12.6,24.2,8.5,16.5,20.2520917,453.9,16.27820787,20.65807,11.53029725,5.358223572,1703,35,51,72.23843161,7.26300642,6.322262967,10.6,4.353342428,21.45579648,63.95556286,4.311339,14.95263,8.542079946,83.36936,36.4,2.723073478,13.84783969
2020,9000,Connecticut,80.10744161,80.01526368,80.19961954,79723,7.807710002,13.50913809,8.2,345.4,12.6,29.5,8.1,20.2,17.42079275,356.7,9.09935271,34.165632,6.370483164,2.786340842,2638,39,58,70.11841189,7.9037953,4.903381766,11.8,5.041368088,25.46490314,62.0153936,3.042261,5.347266,9.128463657,75.556029,34.4,3.797994062,12.00736857
2020,10000,Delaware,78.0094909,77.82313437,78.19584742,71335,8.975105932,13.03706637,10.5,409,15.8,36.2,7.6,23.6,17.32860323,498.6,17.55291935,43.719669,9.114064702,3.253625276,3195,44,59,62.1888749,7.82498106,5.995897436,15.1,4.371947588,29.19377346,44.64036951,6.559283,11.50411,10.10327226,86.972721,34.8,1.98542017,16.70334345
2020,11000,District of Columbia,78.03669898,77.78531136,78.28808659,91957,9.984919801,14.4,8.1,2260.4,12.3,24.2,8.7,17.2,22.33826767,908.7,21.58035017,46.628509,4.294545225,1.603529165,3328,26,43,81.99003316,8.02837939,6.493094142,22.3,6.818113182,46.59847404,68.51203688,19.845532,18.305788,28.05773159,94.875466,50.4,2.385014481,0
2020,12000,Florida,79.69294581,79.65106325,79.73482836,61724,8.698099884,12.93058069,9.5,612.5,15.5,28.3,6.9,25.8,17.1809654,465.7,18.39308891,26.657728,18.44570115,6.953579812,3186,40,49,63.55740049,7.72661848,7.151295712,17.2,4.565810816,28.38624424,56.32519789,6.13242,13.420388,6.972246108,86.717008,42.7,6.354827791,8.836969339
2020,13000,Georgia,77.30926108,77.25264852,77.36587364,62800,9.800572282,14.66165918,10.6,643.5,16.3,34.3,6.1,24.5,16.23555624,589.4,22.50380612,14.846022,18.40583089,7.496595955,3318,36,48,64.27208029,6.52517819,7.617340365,19.5,4.850968585,30.43198943,56.19958334,7.831397,16.099138,8.844056924,69.118283,42.3,2.684020083,24.9338204
2020,15000,Hawaii,82.25826759,82.08760492,82.42893026,86878,8.301367168,11.11549909,9.4,200.4,12.2,25,7.9,18.4,18.96939313,494.7,18.33588791,17.179746,5.375815085,2.919346548,1529,35,49,69.01520297,11.63160241,8.615298532,10.4,4.313860948,22.4765305,61.80643964,2.522454,3.887617,6.652423657,62.117365,40.9,4.364232916,8.072625103
2020,16000,Idaho,79.18547074,79.0556581,79.31528339,62603,6.844728336,13.04572064,7.9,83.8,14.2,31.3,7.5,19.7,17.05263819,351,18.45143681,14.93987,13.37827066,6.123339402,1597,36,45,65.82479501,5.35656841,6.846341314,11.6,4.100827802,17.06044086,81.4190866,2.131425,15.875425,7.082986437,77.78046,23.7,1.792461746,29.42187394
2020,17000,Illinois,78.61534152,78.56497782,78.66570521,71243,8.360295555,10.1669767,9.3,336.8,12.8,32.5,8.5,24.4,15.35515612,542.3,17.77144637,23.844466,10.40764474,2.913838891,3310,37,53,70.58047117,9.46712753,6.436482557,13.9,4.98967449,24.95191545,71.51297821,8.030706,11.834163,9.776342142,69.789644,41.5,3.946977446,11.51212972
2020,18000,Indiana,76.5148925,76.44638908,76.58339592,60794,8.116467521,15.83520391,10.5,210.5,20.2,37.2,6.5,25.6,18.3941772,495.7,23.10256022,27.99438,10.15146695,6.095308691,3174,39,54,63.00064003,7.11156131,6.217445878,14.9,4.3256361,24.94142229,68.40301146,6.93001,15.254375,11.87721069,84.575605,31.8,1.388505321,27.55639361
2020,19000,Iowa,78.74346466,78.64835475,78.83857456,62362,6.771989689,13.61136348,8.9,111.1,16.8,37.2,8.6,22.7,24.65812821,478.5,16.33638393,11.303697,7.030609871,2.567842614,2400,47,57,70.61631415,5.26036591,5.728693256,12,4.200300708,20.7225905,61.78089789,2.738081,9.571455,14.48367836,69.704059,20.9,1.611142682,35.98067198
2020,20000,Kansas,77.81087355,77.70763194,77.91411516,63214,7.189873222,14.31282153,9.9,138.8,17.2,35.8,7,21.4,19.65506397,501.8,21.94575677,14.16699,12.52004738,5.169636769,2708,42,51,70.57291103,5.87904046,5.745985365,13,4.331333778,20.99796858,58.24456064,5.133818,14.904833,13.2301235,78.370573,21.5,2.189798977,25.80184206
2020,21000,Kentucky,75.08176525,74.99802574,75.16550476,54074,8.781923229,17.95593261,11.4,210.3,22.2,37,6.5,29.3,16.83044575,419.7,29.06336681,35.621292,7.965088389,4.264711803,3727,36,48,62.76940002,6.64632242,7.680076736,19.4,4.958388689,26.2348998,62.09250144,6.312807,17.252133,10.37243612,100.535816,30.4,1.026388026,41.61952654
2020,22000,Louisiana,75.22319733,75.13713754,75.30925713,51730,10.6939097,18.22160105,12.7,553,18.9,38.3,5,28.2,21.93748296,709.8,30.13036642,30.836837,11.82251327,4.161637481,3787,37,45,57.80632403,8.25407496,9.779790289,24.3,5.43744988,34.85920735,57.12794524,13.734476,22.221184,9.303991675,95.801521,33.5,1.410160662,26.81374924
2020,23000,Maine,78.56233169,78.41146016,78.71320322,59145,7.240503971,13.63949977,8.2,141.1,18,31.3,8.2,19.7,19.01948622,257.8,12.99383072,30.053881,10.4277471,5.61196336,2223,38,49,68.91440262,5.43731625,6.180858461,12.8,4.498767298,19.35595054,74.92433299,1.538534,11.492292,10.95441143,97.997908,33.2,0.486044812,61.34017786
2020,24000,Maryland,78.57675213,78.50097137,78.65253289,88589,8.654725587,12.66234804,9.1,655.4,11.1,30.9,8.7,20.6,14.59143765,535.9,15.16630035,41.137113,7.917526366,3.442156907,2653,37,55,70.59118845,6.76090946,6.02466449,11.2,4.512205089,26.49308847,63.48388333,9.138387,12.299413,8.854318553,88.330042,50.1,3.208808732,12.80357395
2020,25000,Massachusetts,80.18564724,80.12145135,80.24984313,87288,7.498464688,13.38615012,7.7,353.8,11.4,24.5,9.2,19.4,19.29640831,361.3,8.11315554,32.641755,3.632231251,1.740863568,3136,44,59,74.29551913,8.86182244,4.519333267,10.9,5.361292781,23.96077092,62.57076997,2.219223,3.71655,9.308669204,70.562061,44,4.562305937,8.027944161
2020,26000,Michigan,77.4848753,77.42903332,77.54071727,61352,8.60719713,16.58703944,10.6,199.4,19.3,35.3,7,20.2,20.06392245,448.3,17.04144658,25.826958,7.779322606,2.619826987,3324,38,50,68.67267375,9.87665593,6.806937298,16.8,4.598457889,25.51385715,73.4537168,6.299482,12.744799,9.57903709,81.113664,33.6,1.432553715,25.43276566
2020,27000,Minnesota,80.39603921,80.32308576,80.46899265,75489,6.675477927,12.83251115,7.8,190.4,14.3,30.6,9,18.7,21.53299087,392.1,11.88936153,14.655652,6.891248533,3.497578485,2323,45,57,75.48983085,6.17644103,4.414828033,9.5,4.259122388,20.01441759,63.7831893,2.454336,8.255754,12.42633025,69.466884,31.2,1.948557666,26.72764038
2020,28000,Mississippi,73.88829383,73.78135652,73.99523114,47368,11.71728534,14.61405533,13.2,392,20.7,39.9,3.9,28.9,16.43037995,803.7,31.63152685,14.446554,17.47518257,5.242684559,3718,36,45,60.77408164,8.08413189,9.23628392,26,5.387411099,36.7609291,51.82679271,13.126713,23.003174,12.35006502,92.656894,33.2,0.747382231,50.65461934
2020,29000,Missouri,76.63551186,76.56235367,76.70867006,58812,8.58439878,15.94246978,9.4,248.7,18.6,34.2,6.8,24.9,19.95421382,518.4,22.69218019,27.520403,14.29410178,6.681678992,3052,40,49,67.29913032,6.07797662,6.626593052,15.5,4.482650477,24.64035629,71.66295727,9.974463,21.030659,11.35161426,95.767874,32.4,0.899686674,29.56382671
2020,30000,Montana,78.3698402,78.19639251,78.54328789,57730,7.52592952,13.89636385,7.7,75,17.5,28.9,7.7,18,23.88784886,386.7,20.44259667,13.388715,12.12094599,7.384938212,1926,38,45,69.53980787,5.88809489,7.721933741,14.6,4.400774756,20.38813973,83.68674723,4.007498,20.189746,13.84445532,94.275368,17,0.251707623,44.1069723
2020,31000,Nebraska,79.015864,78.89127705,79.14045094,64735,7.240117536,12.28016172,8.9,145.7,14.5,34,7.8,21,23.20479718,457.2,18.32100983,8.842955,11.35323649,5.250144895,2374,45,53,72.42133671,4.23036722,4.462099208,10.1,4.13970145,20.73645993,64.63721647,3.095603,9.513503,13.55318464,61.484646,19,2.63663052,26.86546488
2020,32000,Nevada,78.10918361,78.00414318,78.21422404,64608,8.687901882,18.21696224,9.9,418.5,14.1,28.1,7.2,24.9,19.90432768,478.5,22.56343561,23.41992,16.05091763,8.013793813,2886,31,41,59.02270422,12.83300444,9.914705451,16.7,4.33003155,27.82529302,47.67935064,6.63931,17.069425,4.228459155,80.041319,31.8,5.52576472,5.804519152
2020,33000,New Hampshire,79.5890429,79.44049903,79.73758677,81415,6.737177972,14.7729667,7.4,111.5,14.7,30.5,9.1,18.6,19.86907977,215.6,8.73022323,30.667904,9.293776749,3.222494877,2578,42,55,70.90355805,6.68399564,4.511912593,8.4,4.303388332,18.93598468,67.08194552,1.49722,10.606456,10.31271157,88.845707,39,0.940253196,39.69691676
2020,34000,New Jersey,79.48844862,79.4305674,79.54632983,87095,7.953174114,12.72199981,8.6,467.8,11.1,27.7,9.2,20.2,18.62536085,356.3,10.8923099,32.036044,10.52043009,3.866222361,2859,35,55,70.92291778,9.78619927,5.458439244,12.6,5.1460779,22.33048001,63.49416205,3.90119,4.916726,8.537134961,63.168943,43.4,6.022049059,5.320446311
2020,35000,New Mexico,76.88175117,76.74500087,77.01850146,52285,9.0179156,13.61783027,11,221.8,16.9,31.7,4.5,22.5,17.51674472,576.3,28.80294488,30.483081,14.27679889,5.839967423,1947,28,40,62.13037803,8.41871702,9.759391112,21.6,5.147165912,29.84758187,51.51347749,8.791979,20.682749,8.066204597,112.871443,27.5,3.962253828,22.5729769
2020,36000,New York,80.26059995,80.22052781,80.3006721,73354,7.992527523,13.06578283,9.1,761.6,12.3,26.5,8.9,25.2,17.63578875,502.3,12.83806275,21.049998,7.345919084,2.470704607,2586,37,53,69.69079097,9.99192178,6.276003644,16.7,5.728835624,26.48174352,73.5615611,3.333109,4.441053,8.070114687,53.283441,38.8,6.721470019,12.12707519
2020,37000,North Carolina,77.67778483,77.62122777,77.73434188,59616,9.233073396,13.0883693,11,374.3,17,33.6,6.5,21.9,17.04910939,616.3,20.82499206,24.373639,15.46663712,5.311861744,3146,43,55,68.2271308,7.34129854,7.229862194,17.9,4.674464743,27.35964839,51.95531077,6.595761,14.16576,11.11234477,81.757111,34,2.269907314,33.91256636
2020,38000,North Dakota,78.7682269,78.56085746,78.97559634,64289,6.553382072,11.50099133,9.3,83.4,17.9,33.6,9.1,24.6,23.49951367,467.4,18.3732223,11.62868,9.086628161,6.259599176,2687,49,52,73.47359736,5.12155615,5.342690298,10.9,4.447280517,18.99095749,56.37598555,2.642905,12.497392,15.31407575,72.327012,14.7,0.662955136,40.10148813
2020,39000,Ohio,76.52393501,76.47204571,76.57582431,60360,8.555057755,16.12823461,10.9,240,20.2,35.8,6.8,23.5,18.97454757,509.2,20.90336606,38.307175,9.377337716,4.709845875,3278,40,53,65.86005798,8.14701444,6.056139848,16.6,4.628654373,26.85088557,69.47261183,6.383631,13.728744,10.76863621,95.859539,31,1.049307376,22.07609862
2020,40000,Oklahoma,75.53641317,75.44707212,75.62575422,54512,8.082112031,16.31344349,11.8,200.3,19.6,37.1,5.8,27.9,13.76864417,536,30.80584667,17.869117,21.70233186,9.60044625,3247,35,49,59.7410192,6.14364659,8.175697187,18.6,4.551941373,25.98803048,57.23187656,7.71672,18.621495,11.17619323,95.494064,27.1,1.938277215,33.75642535
2020,41000,Oregon,79.70158634,79.61730925,79.78586343,67832,6.554412408,14.39683401,8.4,202.4,13.6,28.3,8.1,17.6,19.88072696,376,15.18362465,15.53365,9.531586516,3.451327533,1884,36,45,70.18939404,7.57585548,7.729331823,12.2,4.525026738,20.63484161,65.57846542,2.980743,13.013379,9.979943449,77.151428,30.3,2.731031562,18.9683624
2020,42000,Pennsylvania,78.01644688,77.96737993,78.06551382,64898,8.296523669,15.19959582,9.7,335.1,16.7,31.6,8.4,23.4,20.69846252,408.3,15.40273703,36.361455,8.37757467,5.911012451,3024,41,57,66.6814533,9.07863442,6.072464189,14.3,4.748433881,25.74627814,71.32315653,5.84894,12.719189,12.05092225,92.705664,37.6,2.037460098,21.34318304
2020,44000,Rhode Island,79.37106803,79.20798465,79.53415142,73919,7.602038747,13.86227491,9,292,14.1,30.6,8.6,22.9,18.26549549,445,12.22117734,32.169629,5.121933129,2.979320518,2677,46,48,67.97544698,9.38487668,4.396917085,14.5,5.000521299,26.87120339,60.46419969,2.215816,4.36684,9.923140594,81.930242,34.1,3.971349104,9.265348429
2020,45000,South Carolina,76.43653047,76.35468696,76.51837398,57216,9.631076226,15.64983076,11.9,405,19.1,36.7,6.6,25.6,18.98393769,662.7,23.21355446,25.830242,15.43579461,5.727446504,2827,44,50,63.91555523,6.1724947,7.738501026,18.7,4.800552923,30.91698907,48.19091818,9.364426,18.957108,11.22068823,94.195834,35.9,1.352371087,33.67421461
2020,46000,South Dakota,78.19490946,78.00248252,78.3873364,61149,6.683554638,9.722589077,6.9,94.4,19,33.4,7.3,21.6,20.98861651,457.1,22.61635765,8.497483,13.87866294,6.35436632,2650,46,51,68.50032565,4.64364273,5.650313086,13.9,4.073751989,22.70938835,69.53629673,3.979448,12.719777,15.68246152,84.396519,15.4,0.900750259,43.34827679
2020,47000,Tennessee,75.32880867,75.25970506,75.39791228,56962,9.132155751,16.70845698,12.5,313.5,19.7,35.8,6.1,23.6,17.01885095,555.1,27.16860891,33.906052,14.53142345,5.982879887,3161,38,52,62.43361778,7.46427419,7.178038067,18.4,4.656506247,28.21302878,66.74649435,8.359068,18.80177,11.05442646,99.641995,35.7,1.481316931,33.60896172
2020,48000,Texas,78.39410892,78.35955427,78.42866357,66048,8.341788531,13.32249102,12,405.3,13.3,35.8,5.9,25.4,18.59720555,466,28.78104417,11.84606,23.57448966,11.55250339,3151,34,48,63.05686018,7.6376157,7.931515907,18.8,4.813638574,26.11262347,55.66896241,5.844117,12.719786,7.391498292,59.813996,38.9,6.962845227,15.30099885
2020,49000,Utah,79.71723761,79.61327405,79.82120118,77785,7.147051225,14.57032264,8.5,126.1,8.3,29.3,7.9,16.3,11.83782352,326.5,14.7017798,18.89374,11.08948187,7.173967835,1583,36,51,71.5009873,4.68305534,6.387016357,7.5,3.710142474,14.51511529,70.213567,2.390734,12.682315,3.495514756,67.247973,25.3,2.194418386,9.417540889
2020,50000,Vermont,79.67341457,79.45215838,79.89467076,67717,6.826676159,15.45400511,6.7,132.6,14.4,26.3,8.9,17.1,22.12121826,179,9.99778442,25.405162,6.117116472,1.075037811,2287,35,53,70.48967828,5.57868266,5.248838,10,4.479783968,21.80551695,67.36569151,2.194542,11.947906,13.13874936,90.554235,32.2,0.607758751,61.10451449
2020,51000,Virginia,79.06603158,79.00444538,79.12761778,79154,8.133703782,12.62957259,9.8,331.4,13.9,32.4,8.9,20.4,16.94174451,479.9,15.26929454,20.414317,10.10789344,4.402350369,2902,39,53,71.80020408,6.24415355,5.330489446,12.2,4.763284421,23.88639865,50.41543362,5.034196,12.519519,10.99578689,67.947315,41,2.578864066,24.54598311
2020,53000,Washington,80.21417734,80.14926148,80.27909319,80319,6.519240683,14.1205711,7.8,220.4,11.6,28,8.4,17.5,17.97686541,409.5,14.94923275,18.192884,8.977709188,3.07596271,1927,34,49,71.65356674,8.40609644,6.718108235,11,4.37614353,19.40682223,61.3322698,3.3282,10.789113,8.326388178,69.122253,37.5,3.579077093,15.95158925
2020,54000,West Virginia,74.26267132,74.12510043,74.40024222,49202,9.462501331,18.65309176,13.1,136.3,24,39.6,6.5,27.4,13.52766813,303,28.3690457,56.773785,10.25801905,3.187284987,4107,36,43,56.5067303,8.34856595,9.298492874,20.3,4.960989826,24.32817394,61.08403147,5.485619,18.250833,12.8250598,133.326319,33.9,0.317923229,51.27830959
2020,55000,Wisconsin,78.86851681,78.79715992,78.93987369,64901,7.512323148,13.19897756,7.6,134.4,16.1,32.7,8.8,19.8,26.0777126,456.2,14.31076023,21.816216,7.762866969,4.42719083,2559,43,56,69.98596104,6.28931782,5.180555967,12.4,4.237433386,22.96420663,77.14776937,3.94856,11.042305,11.23502076,89.140707,27.7,1.323068006,29.84617863
2020,56000,Wyoming,78.0836624,77.84053988,78.32678493,67284,9.079216007,12.64767103,7.5,73,19.4,30.6,7,21.6,19.33019534,338.8,24.05707468,14.032473,16.58162056,8.032319392,2343,33,44,67.2655098,5.84223932,6.084343451,10.3,4.262031512,17.82516055,69.23223763,3.632882,21.524707,13.6692723,95.431941,14.9,0.662377819,35.24198671